N	Id	Description	Localization	Epitope	Start	End	N-Glyc	N-Glyc-Count	N-Glyc-Motifs	Length	MW(kDa)	I.P	Hydropathy	All Matches Cover	Avg Cover	BepiPred3	Emini	Kolaskar	Chou Fosman	Karplus Schulz	Parker
1	Q8X903	Q8X903	CytoplasmicMembrane	NPFDQSSQPQQQPQQQPAQQEQKDSD	805	831	N	0	-	26	3.01	3.84	-2.47	0.31	0.82	0.19	2.77	1.00	1.15	1.11	5.14
2	Q7BSW5	Q7BSW5	Extracellular	NWGNSTYKQTDWN	138	151	Y	1	NST[4:6]	13	1.61	5.83	-2.08	0.00	0.80	0.20	2.16	0.93	1.19	1.06	3.82
3	P69743	P69743	CytoplasmicMembrane	ENQTPRSQKPD	312	323	Y	1	NQT[2:4]	11	1.30	6.17	-2.78	0.00	0.80	0.20	3.45	0.98	1.14	1.08	4.74
4	P0AA79	P0AA79	CytoplasmicMembrane	EAQHQVSTAKK	206	217	N	0	-	11	1.23	8.69	-1.38	0.27	0.80	0.18	2.25	1.03	0.93	1.01	3.73
5	P0AEE4	P0AEE4	Periplasmic	FDKSNDGETPEG	219	231	N	0	-	12	1.30	3.92	-1.87	0.00	0.77	0.22	2.33	0.93	1.19	1.07	4.78
6	P0AB69	P0AB69	CytoplasmicMembrane	SSTGDDQEVGE	279	290	N	0	-	11	1.12	3.43	-1.49	0.00	0.76	0.20	2.40	0.95	1.17	1.07	6.08
7	Q8X9L0	Q8X9L0	CytoplasmicMembrane	RPPAGWEEPG	598	608	N	0	-	10	1.10	4.53	-1.62	0.10	0.76	0.21	1.10	0.97	1.11	1.03	2.84
8	P0ABK4	P0ABK4	CytoplasmicMembrane	MDHYAASNPLNKE	234	247	N	0	-	13	1.49	5.30	-1.19	0.08	0.75	0.20	1.98	1.01	1.05	0.99	2.51
9	Q8X9L0	Q8X9L0	CytoplasmicMembrane	PRPVDEPRTPNPGNTMSEQLGD	621	643	N	0	-	22	2.41	4.32	-1.57	0.18	0.75	0.22	1.82	0.87	1.06	0.92	3.53
10	Q7DB77	Q7DB77	Extracellular	TPEPDSPTTTDPD	256	269	N	0	-	13	1.37	3.37	-1.85	0.08	0.74	0.23	1.83	0.97	1.18	1.06	4.65
11	Q8X9L0	Q8X9L0	CytoplasmicMembrane	SNNAGDNGSPK	609	620	Y	1	NGS[7:9]	11	1.06	5.55	-1.83	0.00	0.73	0.20	1.39	0.92	1.34	1.07	5.50
12	Q8XC39	Q8XC39	CytoplasmicMembrane	QPTETEHQPGNED	356	369	N	0	-	13	1.48	4.00	-2.52	0.00	0.72	0.18	3.35	0.94	1.11	0.99	5.59
13	P0A7E7	P0A7E7	Cytoplasmic	TEWRDENGNVEVRSEK	416	432	N	0	-	16	1.95	4.58	-1.99	0.00	0.68	0.23	2.22	0.95	1.02	1.04	3.70
14	Q7DB77	Q7DB77	Extracellular	KTSLHDSQVPTSNSNTSVQNMGNTDSV	461	488	Y	1	NTS[15:17]	27	2.85	5.21	-0.98	0.11	0.63	0.21	0.95	1.00	1.15	1.05	3.88
15	Q7DB77	Q7DB77	Extracellular	QKKYDEQQAKRQEE	340	354	N	0	-	14	1.81	6.25	-3.12	0.00	0.60	0.19	3.63	0.98	0.94	1.07	4.82
16	P0AEE4	P0AEE4	Periplasmic	LNTNSHNQLEIR	65	77	N	0	-	12	1.44	6.75	-1.22	0.00	0.60	0.28	1.80	0.97	1.07	1.02	2.67
17	O82882	O82882	Extracellular	TDMDPGNGGW	356	366	N	0	-	10	1.05	3.56	-1.30	0.00	0.58	0.20	0.83	0.92	1.28	1.06	3.27
18	Q7DB77	Q7DB77	Extracellular	ADSGDNRASDVPGLPVNPMR	55	75	N	0	-	20	2.07	4.43	-0.80	0.00	0.54	0.20	0.82	1.00	1.16	1.03	2.95
19	Q7DB77	Q7DB77	Extracellular	QHPPRDTTDNGARLLGNPSAGIQSTY	493	519	N	0	-	26	2.77	6.75	-1.10	0.00	0.54	0.21	1.22	0.99	1.13	1.03	3.04
20	O82882	O82882	Extracellular	TPHNGTKKIINTV	143	156	Y	1	NGT[4:6]	13	1.42	10.00	-0.68	0.00	0.48	0.19	1.10	0.99	1.01	1.01	2.12
21	A0A0H3JD84	A0A0H3JD84	CytoplasmicMembrane	VLCYHNEISRQIPVNMKNIRTEFIPR	6	32	N	0	-	26	3.17	9.31	-0.39	0.04	0.47	0.23	0.94	1.02	0.95	0.99	0.73
22	O82882	O82882	Extracellular	SDWDNLSYNRI	851	862	Y	1	NLS[5:7]	11	1.38	4.21	-1.27	0.00	0.45	0.22	1.13	0.99	1.15	1.00	1.40
23	P0AAY0	P0AAY0	Unknown	RAAGEPLPAV	161	171	N	0	-	10	0.98	6.00	0.18	0.00	0.44	0.25	0.79	1.06	0.96	0.98	1.43
24	P0AAA0	P0AAA0	Unknown	LSHEVVQPQLASNYTLPE	226	244	Y	1	NYT[13:15]	18	2.03	4.51	-0.33	0.00	0.42	0.22	0.77	1.02	0.93	0.87	1.53
25	Q7BSW5	Q7BSW5	Extracellular	HAGKNITGDGFGFRQN	676	692	Y	1	NIT[5:7]	16	1.72	8.75	-1.00	0.00	0.39	0.21	0.64	0.97	1.08	1.01	2.00
26	Q7DB77	Q7DB77	Extracellular	TGGRGGAGHAM	154	165	N	0	-	11	0.97	9.44	-0.45	0.00	0.38	0.24	0.32	0.97	1.09	1.01	2.66
27	O82882	O82882	Extracellular	HMWNGNWTRN	606	616	Y	1	NWT[6:8]	10	1.32	9.76	-1.92	0.00	0.34	0.29	0.98	0.92	1.10	0.98	0.52
28	Q7DB77	Q7DB77	Extracellular	NIDELGNAIPSGVLKDD	296	313	N	0	-	17	1.77	3.84	-0.32	0.00	0.28	0.23	0.45	1.04	1.03	1.01	1.76
