N	Id	Description	Localization	         Method	Threshold	Avg Score	Cover	Epitope	Start	End	N-Glyc	N-Glyc-Count	N-Glyc-Motifs	Length	kDa	I.P	Avg Hydropathy	Avg Cover
1	Q8X903	Q8X903	CytoplasmicMembrane	   BepiPred-3.0	0.15	0.19	-	NPFDQSSQPQQQPQQQPAQQEQKDSD	805	831	N	0	-	26	3.01	3.84	-2.47	0.82
				          Emini	1.00	2.77	0.92	.EEEEEEEEEEEEEEEEEEEEEEEE.         	
				       Kolaskar	1.02	1.00	0.31	.........EEEEEEEE.........         	
				    Chou Fosman	0.99	1.15	0.85	EEEEEEEEEEEEEEEEE....EEEEE         	
				 Karplus Schulz	1.00	1.11	1.00	EEEEEEEEEEEEEEEEEEEEEEEEEE         	
				         Parker	1.52	5.14	1.00	EEEEEEEEEEEEEEEEEEEEEEEEEE         	
				    All matches	-	-	0.31	.........EEEEEEEE.........         	
				         N-Glyc	-	-	0.00	..........................         	
				     Hydropathy	-	-2.47	-	--+--------------+--------         	
2	Q7BSW5	Q7BSW5	Extracellular	   BepiPred-3.0	0.15	0.20	-	NWGNSTYKQTDWN	138	151	Y	1	NST[4:6]	13	1.61	5.83	-2.08	0.80
				          Emini	1.00	2.16	1.00	EEEEEEEEEEEEE         	
				       Kolaskar	1.00	0.93	0.00	.............         	
				    Chou Fosman	1.03	1.19	1.00	EEEEEEEEEEEEE         	
				 Karplus Schulz	1.01	1.06	1.00	EEEEEEEEEEEEE         	
				         Parker	2.13	3.82	1.00	EEEEEEEEEEEEE         	
				    All matches	-	-	0.00	.............         	
				         N-Glyc	-	-	0.23	...EEE.......         	
				     Hydropathy	-	-2.08	-	-------------         	
3	P69743	P69743	CytoplasmicMembrane	   BepiPred-3.0	0.15	0.20	-	ENQTPRSQKPD	312	323	Y	1	NQT[2:4]	11	1.30	6.17	-2.78	0.80
				          Emini	1.00	3.45	1.00	EEEEEEEEEEE         	
				       Kolaskar	1.04	0.98	0.00	...........         	
				    Chou Fosman	0.99	1.14	1.00	EEEEEEEEEEE         	
				 Karplus Schulz	0.99	1.08	1.00	EEEEEEEEEEE         	
				         Parker	1.66	4.74	1.00	EEEEEEEEEEE         	
				    All matches	-	-	0.00	...........         	
				         N-Glyc	-	-	0.27	.EEE.......         	
				     Hydropathy	-	-2.78	-	-----------         	
4	P0AA79	P0AA79	CytoplasmicMembrane	   BepiPred-3.0	0.15	0.18	-	EAQHQVSTAKK	206	217	N	0	-	11	1.23	8.69	-1.38	0.80
				          Emini	1.00	2.25	1.00	EEEEEEEEEEE         	
				       Kolaskar	1.05	1.03	0.45	..EEEEE....         	
				    Chou Fosman	0.90	0.93	0.64	EE..EEEE.E.         	
				 Karplus Schulz	0.96	1.01	0.91	EEE.EEEEEEE         	
				         Parker	-0.34	3.73	1.00	EEEEEEEEEEE         	
				    All matches	-	-	0.27	....EEE....         	
				         N-Glyc	-	-	0.00	...........         	
				     Hydropathy	-	-1.38	-	-+---+--+--         	
5	P0AEE4	P0AEE4	Periplasmic	   BepiPred-3.0	0.15	0.22	-	FDKSNDGETPEG	219	231	N	0	-	12	1.30	3.92	-1.87	0.77
				          Emini	1.00	2.33	0.83	EEEEEEEEEE..         	
				       Kolaskar	1.03	0.93	0.00	............         	
				    Chou Fosman	0.98	1.19	1.00	EEEEEEEEEEEE         	
				 Karplus Schulz	1.00	1.07	1.00	EEEEEEEEEEEE         	
				         Parker	1.21	4.78	1.00	EEEEEEEEEEEE         	
				    All matches	-	-	0.00	............         	
				         N-Glyc	-	-	0.00	............         	
				     Hydropathy	-	-1.87	-	+-----------         	
6	P0AB69	P0AB69	CytoplasmicMembrane	   BepiPred-3.0	0.15	0.20	-	SSTGDDQEVGE	279	290	N	0	-	11	1.12	3.43	-1.49	0.76
				          Emini	1.00	2.40	1.00	EEEEEEEEEEE         	
				       Kolaskar	1.05	0.95	0.00	...........         	
				    Chou Fosman	0.92	1.17	0.82	EEEEEEEEE..         	
				 Karplus Schulz	0.97	1.07	1.00	EEEEEEEEEEE         	
				         Parker	0.30	6.08	1.00	EEEEEEEEEEE         	
				    All matches	-	-	0.00	...........         	
				         N-Glyc	-	-	0.00	...........         	
				     Hydropathy	-	-1.49	-	--------+--         	
7	Q8X9L0	Q8X9L0	CytoplasmicMembrane	   BepiPred-3.0	0.15	0.21	-	RPPAGWEEPG	598	608	N	0	-	10	1.10	4.53	-1.62	0.76
				          Emini	1.00	1.10	0.80	E.E.EEEEEE         	
				       Kolaskar	1.02	0.97	0.30	EEE.......         	
				    Chou Fosman	0.96	1.11	1.00	EEEEEEEEEE         	
				 Karplus Schulz	1.00	1.03	0.80	EEEE..EEEE         	
				         Parker	1.52	2.84	0.90	EE.EEEEEEE         	
				    All matches	-	-	0.10	E.........         	
				         N-Glyc	-	-	0.00	..........         	
				     Hydropathy	-	-1.62	-	---+------         	
8	P0ABK4	P0ABK4	CytoplasmicMembrane	   BepiPred-3.0	0.15	0.20	-	MDHYAASNPLNKE	234	247	N	0	-	13	1.49	5.30	-1.19	0.75
				          Emini	1.00	1.98	0.92	EEEEEEEEEEE.E         	
				       Kolaskar	1.05	1.01	0.23	......E....EE         	
				    Chou Fosman	0.90	1.05	0.92	EEEEEEEEEEEE.         	
				 Karplus Schulz	0.96	0.99	0.69	E....EEEEEEEE         	
				         Parker	-0.66	2.51	1.00	EEEEEEEEEEEEE         	
				    All matches	-	-	0.08	......E......         	
				         N-Glyc	-	-	0.00	.............         	
				     Hydropathy	-	-1.19	-	+---++---+---         	
9	Q8X9L0	Q8X9L0	CytoplasmicMembrane	   BepiPred-3.0	0.15	0.22	-	PRPVDEPRTPNPGNTMSEQLGD	621	643	N	0	-	22	2.41	4.32	-1.57	0.75
				          Emini	1.00	1.82	0.86	EEEEEEEEEEEEEEEEE.EE..         	
				       Kolaskar	1.02	0.87	0.18	EEEE..................         	
				    Chou Fosman	0.96	1.06	0.91	EEEEEEEEEEEEEEEEEEEE..         	
				 Karplus Schulz	1.00	0.92	0.86	EEEEEEEEEEEEEEEEEEE...         	
				         Parker	1.52	3.53	0.91	EEEEEEEEEEEEEEEEEEEE..         	
				    All matches	-	-	0.18	EEEE..................         	
				         N-Glyc	-	-	0.00	......................         	
				     Hydropathy	-	-1.57	-	---+-----------+---+--         	
10	Q7DB77	Q7DB77	Extracellular	   BepiPred-3.0	0.15	0.23	-	TPEPDSPTTTDPD	256	269	N	0	-	13	1.37	3.37	-1.85	0.74
				          Emini	1.00	1.83	0.85	.EEEEEEEEEEE.         	
				       Kolaskar	1.00	0.97	0.23	EEE..........         	
				    Chou Fosman	1.05	1.18	0.92	.EEEEEEEEEEEE         	
				 Karplus Schulz	1.03	1.06	0.85	.EEEEEEEEEEE.         	
				         Parker	2.90	4.65	0.85	..EEEEEEEEEEE         	
				    All matches	-	-	0.08	..E..........         	
				         N-Glyc	-	-	0.00	.............         	
				     Hydropathy	-	-1.85	-	-------------         	
11	Q8X9L0	Q8X9L0	CytoplasmicMembrane	   BepiPred-3.0	0.15	0.20	-	SNNAGDNGSPK	609	620	Y	1	NGS[7:9]	11	1.06	5.55	-1.83	0.73
				          Emini	1.00	1.39	0.64	..EE..EEEEE         	
				       Kolaskar	1.02	0.92	0.00	...........         	
				    Chou Fosman	0.96	1.34	1.00	EEEEEEEEEEE         	
				 Karplus Schulz	1.00	1.07	1.00	EEEEEEEEEEE         	
				         Parker	1.52	5.50	1.00	EEEEEEEEEEE         	
				    All matches	-	-	0.00	...........         	
				         N-Glyc	-	-	0.27	......EEE..         	
				     Hydropathy	-	-1.83	-	---+-------         	
12	Q8XC39	Q8XC39	CytoplasmicMembrane	   BepiPred-3.0	0.15	0.18	-	QPTETEHQPGNED	356	369	N	0	-	13	1.48	4.00	-2.52	0.72
				          Emini	1.00	3.35	1.00	EEEEEEEEEEEEE         	
				       Kolaskar	1.03	0.94	0.00	.............         	
				    Chou Fosman	0.99	1.11	0.69	EE....EEEEEEE         	
				 Karplus Schulz	0.99	0.99	0.92	EEEEEEEEEEEE.         	
				         Parker	1.55	5.59	1.00	EEEEEEEEEEEEE         	
				    All matches	-	-	0.00	.............         	
				         N-Glyc	-	-	0.00	.............         	
				     Hydropathy	-	-2.52	-	-------------         	
13	P0A7E7	P0A7E7	Cytoplasmic	   BepiPred-3.0	0.15	0.23	-	TEWRDENGNVEVRSEK	416	432	N	0	-	16	1.95	4.58	-1.99	0.68
				          Emini	1.00	2.22	0.81	.EEEEEEE..EEEEEE         	
				       Kolaskar	1.03	0.95	0.06	............E...         	
				    Chou Fosman	0.95	1.02	0.69	...EEEEEEEE..EEE         	
				 Karplus Schulz	0.99	1.04	0.94	.EEEEEEEEEEEEEEE         	
				         Parker	1.28	3.70	0.88	..EEEEEEEEEEEEEE         	
				    All matches	-	-	0.00	................         	
				         N-Glyc	-	-	0.00	................         	
				     Hydropathy	-	-1.99	-	---------+-+----         	
14	Q7DB77	Q7DB77	Extracellular	   BepiPred-3.0	0.15	0.21	-	KTSLHDSQVPTSNSNTSVQNMGNTDSV	461	488	Y	1	NTS[15:17]	27	2.85	5.21	-0.98	0.63
				          Emini	1.00	0.95	0.41	..E.E.EE.E.EEE..E...EE.....         	
				       Kolaskar	1.00	1.00	0.52	EEEEEEEEEEE.............EEE         	
				    Chou Fosman	1.05	1.15	0.85	...EE.EEEEEEEEEEEEEEEEEEEEE         	
				 Karplus Schulz	1.03	1.05	0.63	....EEEEEEEEEEEEE....EEEE..         	
				         Parker	2.90	3.88	0.74	...EE..EEEEEEEEEEEEEEEEEE..         	
				    All matches	-	-	0.11	....E..E.E.................         	
				         N-Glyc	-	-	0.11	..............EEE..........         	
				     Hydropathy	-	-0.98	-	---+----+--------+--+-----+         	
15	Q7DB77	Q7DB77	Extracellular	   BepiPred-3.0	0.15	0.19	-	QKKYDEQQAKRQEE	340	354	N	0	-	14	1.81	6.25	-3.12	0.60
				          Emini	1.00	3.63	1.00	EEEEEEEEEEEEEE         	
				       Kolaskar	1.00	0.98	0.14	E............E         	
				    Chou Fosman	1.05	0.94	0.00	..............         	
				 Karplus Schulz	1.03	1.07	0.93	.EEEEEEEEEEEEE         	
				         Parker	2.90	4.82	0.93	EEEEEEEEEEEEE.         	
				    All matches	-	-	0.00	..............         	
				         N-Glyc	-	-	0.00	..............         	
				     Hydropathy	-	-3.12	-	--------+-----         	
16	P0AEE4	P0AEE4	Periplasmic	   BepiPred-3.0	0.15	0.28	-	LNTNSHNQLEIR	65	77	N	0	-	12	1.44	6.75	-1.22	0.60
				          Emini	1.00	1.80	0.83	EEEEEEEEEE..         	
				       Kolaskar	1.03	0.97	0.08	..........E.         	
				    Chou Fosman	0.98	1.07	0.58	EEEEEEE.....         	
				 Karplus Schulz	1.00	1.02	0.67	EEEEEEE....E         	
				         Parker	1.21	2.67	0.83	EEEEEEEEEE..         	
				    All matches	-	-	0.00	............         	
				         N-Glyc	-	-	0.00	............         	
				     Hydropathy	-	-1.22	-	+-------+-+-         	
17	O82882	O82882	Extracellular	   BepiPred-3.0	0.15	0.20	-	TDMDPGNGGW	356	366	N	0	-	10	1.05	3.56	-1.30	0.58
				          Emini	1.00	0.83	0.30	.EEE......         	
				       Kolaskar	1.01	0.92	0.00	..........         	
				    Chou Fosman	1.03	1.28	0.80	..EEEEEEEE         	
				 Karplus Schulz	1.00	1.06	1.00	EEEEEEEEEE         	
				         Parker	1.80	3.27	0.80	..EEEEEEEE         	
				    All matches	-	-	0.00	..........         	
				         N-Glyc	-	-	0.00	..........         	
				     Hydropathy	-	-1.30	-	--+-------         	
18	Q7DB77	Q7DB77	Extracellular	   BepiPred-3.0	0.15	0.20	-	ADSGDNRASDVPGLPVNPMR	55	75	N	0	-	20	2.07	4.43	-0.80	0.54
				          Emini	1.00	0.82	0.30	..EEEEE.........E...         	
				       Kolaskar	1.00	1.00	0.55	........EEEEEEEEEEE.         	
				    Chou Fosman	1.05	1.16	0.80	EEEEEEEEEEEEEEEE....         	
				 Karplus Schulz	1.03	1.03	0.55	.EEEEEEEEEEE........         	
				         Parker	2.90	2.95	0.50	EEEEEEEEEE..........         	
				    All matches	-	-	0.00	....................         	
				         N-Glyc	-	-	0.00	....................         	
				     Hydropathy	-	-0.80	-	+------+--+--+-+--+-         	
19	Q7DB77	Q7DB77	Extracellular	   BepiPred-3.0	0.15	0.21	-	QHPPRDTTDNGARLLGNPSAGIQSTY	493	519	N	0	-	26	2.77	6.75	-1.10	0.54
				          Emini	1.00	1.22	0.42	EEEEEEEEEE..............E.         	
				       Kolaskar	1.00	0.99	0.46	EEE...........EEE...EEEEEE         	
				    Chou Fosman	1.05	1.13	0.85	EEEEEEEEEEEEEEEEEEEEEE....         	
				 Karplus Schulz	1.03	1.03	0.50	...EEEEEEEE.....EEE...EE..         	
				         Parker	2.90	3.04	0.46	...EEEEEEEE.......EEEE....         	
				    All matches	-	-	0.00	..........................         	
				         N-Glyc	-	-	0.00	..........................         	
				     Hydropathy	-	-1.10	-	-----------+-++----+-+----         	
20	O82882	O82882	Extracellular	   BepiPred-3.0	0.15	0.19	-	TPHNGTKKIINTV	143	156	Y	1	NGT[4:6]	13	1.42	10.00	-0.68	0.48
				          Emini	1.00	1.10	0.38	E.EEEE.......         	
				       Kolaskar	1.01	0.99	0.31	.........EEEE         	
				    Chou Fosman	1.03	1.01	0.46	EEEEEE.......         	
				 Karplus Schulz	1.00	1.01	0.62	EEEEEEEE.....         	
				         Parker	1.80	2.12	0.62	.EEEEEEEE....         	
				    All matches	-	-	0.00	.............         	
				         N-Glyc	-	-	0.23	...EEE.......         	
				     Hydropathy	-	-0.68	-	--------++--+         	
21	A0A0H3JD84	A0A0H3JD84	CytoplasmicMembrane	   BepiPred-3.0	0.15	0.23	-	VLCYHNEISRQIPVNMKNIRTEFIPR	6	32	N	0	-	26	3.17	9.31	-0.39	0.47
				          Emini	1.00	0.94	0.42	.....EEE...E..E.EEEE.EE...         	
				       Kolaskar	1.03	1.02	0.35	EEEEEE....EE.............E         	
				    Chou Fosman	0.95	0.95	0.46	E..EEEEE...E.EEEEE........         	
				 Karplus Schulz	0.98	0.99	0.58	......EEEEEE...EEEEEEEE.E.         	
				         Parker	0.58	0.73	0.54	.....EEEEE.E.EEEEEEE..E...         	
				    All matches	-	-	0.04	...........E..............         	
				         N-Glyc	-	-	0.00	..........................         	
				     Hydropathy	-	-0.39	-	+++----+---+-+-+--+---++--         	
22	O82882	O82882	Extracellular	   BepiPred-3.0	0.15	0.22	-	SDWDNLSYNRI	851	862	Y	1	NLS[5:7]	11	1.38	4.21	-1.27	0.45
				          Emini	1.00	1.13	0.64	.EEEEEE..E.         	
				       Kolaskar	1.01	0.99	0.09	E..........         	
				    Chou Fosman	1.03	1.15	0.82	.EEEEEEEEE.         	
				 Karplus Schulz	1.00	1.00	0.45	.EEE.....EE         	
				         Parker	1.80	1.40	0.27	...E..E..E.         	
				    All matches	-	-	0.00	...........         	
				         N-Glyc	-	-	0.27	....EEE....         	
				     Hydropathy	-	-1.27	-	-----+----+         	
23	P0AAY0	P0AAY0	Unknown	   BepiPred-3.0	0.15	0.25	-	RAAGEPLPAV	161	171	N	0	-	10	0.98	6.00	0.18	0.44
				          Emini	1.00	0.79	0.30	EEE.......         	
				       Kolaskar	1.03	1.06	0.60	....EEEEEE         	
				    Chou Fosman	0.97	0.96	0.40	..E.EEE...         	
				 Karplus Schulz	1.00	0.98	0.30	...EEE....         	
				         Parker	1.32	1.43	0.60	EEEEEE....         	
				    All matches	-	-	0.00	..........         	
				         N-Glyc	-	-	0.00	..........         	
				     Hydropathy	-	0.18	-	-++---+-++         	
24	P0AAA0	P0AAA0	Unknown	   BepiPred-3.0	0.15	0.22	-	LSHEVVQPQLASNYTLPE	226	244	Y	1	NYT[13:15]	18	2.03	4.51	-0.33	0.42
				          Emini	1.00	0.77	0.22	E............EE.E.         	
				       Kolaskar	1.04	1.02	0.56	.EEEEEEEE.E.E.....         	
				    Chou Fosman	1.01	0.93	0.39	E........EEE.EEE..         	
				 Karplus Schulz	0.99	0.87	0.28	E......EEE.....E..         	
				         Parker	1.28	1.53	0.67	EE..EE..EEEE.EEEE.         	
				    All matches	-	-	0.00	..................         	
				         N-Glyc	-	-	0.17	............EEE...         	
				     Hydropathy	-	-0.33	-	+---++---++----+--         	
25	Q7BSW5	Q7BSW5	Extracellular	   BepiPred-3.0	0.15	0.21	-	HAGKNITGDGFGFRQN	676	692	Y	1	NIT[5:7]	16	1.72	8.75	-1.00	0.39
				          Emini	1.00	0.64	0.13	.....E.........E         	
				       Kolaskar	1.00	0.97	0.25	E.E...........EE         	
				    Chou Fosman	1.03	1.08	0.63	.E..EEEEEEEEE...         	
				 Karplus Schulz	1.01	1.01	0.50	...EEEEEEE....E.         	
				         Parker	2.13	2.00	0.44	.E.EEEEEE.......         	
				    All matches	-	-	0.00	................         	
				         N-Glyc	-	-	0.19	....EEE.........         	
				     Hydropathy	-	-1.00	-	-+---+----+-+---         	
26	Q7DB77	Q7DB77	Extracellular	   BepiPred-3.0	0.15	0.24	-	TGGRGGAGHAM	154	165	N	0	-	11	0.97	9.44	-0.45	0.38
				          Emini	1.00	0.32	0.00	...........         	
				       Kolaskar	1.00	0.97	0.36	E.......EEE         	
				    Chou Fosman	1.05	1.09	0.64	.EEEEEEE...         	
				 Karplus Schulz	1.03	1.01	0.45	.EEEEE.....         	
				         Parker	2.90	2.66	0.45	..EEEEE....         	
				    All matches	-	-	0.00	...........         	
				         N-Glyc	-	-	0.00	...........         	
				     Hydropathy	-	-0.45	-	------+--++         	
27	O82882	O82882	Extracellular	   BepiPred-3.0	0.15	0.29	-	HMWNGNWTRN	606	616	Y	1	NWT[6:8]	10	1.32	9.76	-1.92	0.34
				          Emini	1.00	0.98	0.40	.....EEEE.         	
				       Kolaskar	1.01	0.92	0.10	E.........         	
				    Chou Fosman	1.03	1.10	0.70	..EEEEEEE.         	
				 Karplus Schulz	1.00	0.98	0.40	....EEEE..         	
				         Parker	1.80	0.52	0.10	......E...         	
				    All matches	-	-	0.00	..........         	
				         N-Glyc	-	-	0.30	.....EEE..         	
				     Hydropathy	-	-1.92	-	-+--------         	
28	Q7DB77	Q7DB77	Extracellular	   BepiPred-3.0	0.15	0.23	-	NIDELGNAIPSGVLKDD	296	313	N	0	-	17	1.77	3.84	-0.32	0.28
				          Emini	1.00	0.45	0.00	.................         	
				       Kolaskar	1.00	1.04	0.71	.EE...EE.EEEEEEEE         	
				    Chou Fosman	1.05	1.03	0.35	...E...EEE..EE...         	
				 Karplus Schulz	1.03	1.01	0.12	..........EE.....         	
				         Parker	2.90	1.76	0.24	E..E....E....E...         	
				    All matches	-	-	0.00	.................         	
				         N-Glyc	-	-	0.00	.................         	
				     Hydropathy	-	-0.32	-	-+--+--++---++---         	
